"fd7300ee-30eb-4ec7-afec-9d3612f63f1e","a3776444-5622-41ea-aca5-a67a7015955b","NHMD_138618 Profile",""
"fd7300ee-30eb-4ec7-afec-9d3612f63f1e","383a0563-4be6-426f-aa8b-d0c1bcd8bd8e","NHMD_138618 Upper side",""
"fd7300ee-30eb-4ec7-afec-9d3612f63f1e","2dd496e2-448c-41fc-a702-a1ad864512a6","NHMD_138618 Under side",""
"dc246483-9c34-4bb8-8448-d8cb3fec1aea","2e6f9259-7c0b-4f50-b94c-eb94c2ba152c","NHMD_138615 Profile",""
"dc246483-9c34-4bb8-8448-d8cb3fec1aea","bac209e4-4f3c-4d24-82c5-9bc75fcaa6d5","NHMD_138615 Under side",""
"dc246483-9c34-4bb8-8448-d8cb3fec1aea","d7483ecf-f31f-4831-8d45-7aea01f4e7f1","NHMD_138615 Upper side",""
"da5965dc-3d8c-4566-b6be-9867d0f28347","00b538dd-ff25-4245-b78f-99f23cb0b4ec","NHMD_138611 Upper side",""
"da5965dc-3d8c-4566-b6be-9867d0f28347","3a370d9e-5465-41ba-93e7-f204485cab1c","NHMD_138611 Profile",""
"da5965dc-3d8c-4566-b6be-9867d0f28347","c8dcf3df-2153-4ebe-adb0-efb61e451cec","NHMD_138611 Under side",""
"75165228-4db5-48d3-8b31-a0fbe3cc311d","605eabf2-d285-4451-adb4-9bb093cbe843","NHMD_138606 Upper side",""
"75165228-4db5-48d3-8b31-a0fbe3cc311d","dc2abae8-36d4-4a0f-a063-15670fca8d63","NHMD_138606 Under side",""
"75165228-4db5-48d3-8b31-a0fbe3cc311d","cbd42469-1c63-4fc4-9692-98e1cfedb21b","NHMD_138606 Profile",""
"c364a017-7a22-40fd-a4da-03e0c3278a9b","d14007b8-b215-4e87-bb25-081073d40e47","NHMD_138607 Profile",""
"c364a017-7a22-40fd-a4da-03e0c3278a9b","de5e9c96-ad0c-45ab-aae9-aa30cc976687","NHMD_138607 Upper side",""
"c364a017-7a22-40fd-a4da-03e0c3278a9b","8fa1fa40-980b-4840-ad69-1f66c885009b","NHMD_138607 Under side",""
"a4ace403-e3e6-4c15-87fb-144420797e00","ba947084-c971-4e15-92d6-8f9b753d978e","NHMD_138608 Profile",""
"a4ace403-e3e6-4c15-87fb-144420797e00","901ac802-374f-4082-9c9f-39a6c6e71645","NHMD_138608 Under side",""
"c99f6b5b-5790-4632-9e78-012fa65d8d19","3b45edb7-527d-42c1-a91a-f3cf1afe3123","NHMD_138609 Upper side",""
"c99f6b5b-5790-4632-9e78-012fa65d8d19","1c7b4dda-883b-468d-80e8-564da38b7dad","NHMD_138609 Profile",""
"c99f6b5b-5790-4632-9e78-012fa65d8d19","254c71e1-51b2-49ce-a818-4baee7d538f6","NHMD_138609 Under side",""
"46808ab3-edb4-4412-a517-b11d679d9c94","c5560ed6-fc80-4b81-ac8f-164dff7ed2e3","NHMD_138610 Profile",""
"46808ab3-edb4-4412-a517-b11d679d9c94","bc5c2f9d-6af6-4fad-b5df-059ebbde4f69","NHMD_138610 Under side",""
"46808ab3-edb4-4412-a517-b11d679d9c94","d99a0521-d4af-4d80-a262-3feded961e0a","NHMD_138610 Upper side",""
"45b4a277-9098-4468-b71d-e3cc162a12b9","a15e99e5-f30e-4e6a-84c5-b1b18f8b11c4","NHMD_138612 Under side",""
"45b4a277-9098-4468-b71d-e3cc162a12b9","9dd8e745-fd44-4a74-aa64-855b73f5af25","NHMD_138612 Upper side",""
"45b4a277-9098-4468-b71d-e3cc162a12b9","85d10778-f9b6-4bca-a56f-66267a116379","NHMD_138612 Profile",""
"9ee8ca36-8240-4e77-a80c-0e65a7eaa563","f9f2c44e-77b7-481d-bf52-2c095de9a017","NHMD_138613 Under side",""
"9ee8ca36-8240-4e77-a80c-0e65a7eaa563","290df8cb-e763-4671-8b98-2fc89c2ff749","NHMD_138613 Upper side",""
"9ee8ca36-8240-4e77-a80c-0e65a7eaa563","3bb66c7c-901b-4809-ae6c-e162efb5028c","NHMD_138613 Profile",""
"0741e528-19b0-4f62-9241-19dd138f6e63","09700dbc-5ba5-4ff0-94a7-f9ab7d135fe9","NHMD_138613 Profile",""
"0741e528-19b0-4f62-9241-19dd138f6e63","4a418766-f33e-4821-ac5c-113bf12c7dcb","NHMD_138613 Under side",""
"0741e528-19b0-4f62-9241-19dd138f6e63","71dbc773-0218-41f3-a0ae-4e1f5b05f5b0","NHMD_138613 Upper side",""